Player,Link
,Data processed by Daubit. https://daubit.org/
,Data used from https://www.otmnft.com/
,Generated 4.5.2022
Aari McDonald,https://www.nbatopshot.com/listings/p2p/391e23a0-f7b6-469e-b1d0-fc24caaebd4d+319631ef-53e8-4191-8a5d-1199a8fbaaa2
Aaron Wiggins,https://www.nbatopshot.com/listings/p2p/e7b9646c-9997-46c8-909f-2a2b67389023+7e816dea-41d7-4b13-a550-cd983d42d16c
Al Harrington,https://www.nbatopshot.com/listings/p2p/9e89b552-0236-4ffc-ab6b-8cf7c27d46b4+44e3fbea-f0af-4a83-984f-0caba958dff5
Alec Burks,https://www.nbatopshot.com/listings/p2p/208ae30a-a4fe-42d4-9e51-e6fd1ad2a7a9+42cd9426-1f34-4d3f-a393-c70ba09a74eb
Allisha Gray,https://www.nbatopshot.com/listings/p2p/391e23a0-f7b6-469e-b1d0-fc24caaebd4d+c0f52795-985b-4dfd-beaa-4c13849494f2
Amanda Zahui B,https://www.nbatopshot.com/listings/p2p/391e23a0-f7b6-469e-b1d0-fc24caaebd4d+872e15e2-2e3e-4450-bf25-5b27b841d136
Amar'e Stoudemire,https://www.nbatopshot.com/listings/p2p/827f9328-03aa-4cb5-97cd-7b5f2c2386fd+bb2179d6-8f5c-48eb-8b42-08be2b88f5fc
Amir Coffey,https://www.nbatopshot.com/listings/p2p/e7b9646c-9997-46c8-909f-2a2b67389023+d96e5d80-ec43-464a-bfad-6be2f6d85c88
Anderson Varejão,https://www.nbatopshot.com/listings/p2p/827f9328-03aa-4cb5-97cd-7b5f2c2386fd+878aa6c2-2a72-4037-a65f-056fc9ad2d7a
Andre Miller,https://www.nbatopshot.com/listings/p2p/7b74be80-e2c9-4044-91b5-bbfd74f1dc5e+311b4d2e-c58e-420c-9dd7-ca4abaf06f00
Angel McCoughtry,https://www.nbatopshot.com/listings/p2p/cbf23da5-c5ad-44bb-b307-9f1ea0163d32+b1d1d382-40bb-4b79-a6c2-5f77d2d1482d
Antawn Jamison,https://www.nbatopshot.com/listings/p2p/7b74be80-e2c9-4044-91b5-bbfd74f1dc5e+285c84c3-e10f-45f8-b9cb-e5df56d9f080
Ariel Atkins,https://www.nbatopshot.com/listings/p2p/391e23a0-f7b6-469e-b1d0-fc24caaebd4d+d63ae7e2-dc42-4dca-8cb3-b78eaae72593
Armoni Brooks,https://www.nbatopshot.com/listings/p2p/208ae30a-a4fe-42d4-9e51-e6fd1ad2a7a9+a11eb941-75fb-4b09-a349-afb8d18a00bc
Aron Baynes,https://www.nbatopshot.com/listings/p2p/208ae30a-a4fe-42d4-9e51-e6fd1ad2a7a9+e97bd226-eba9-4a16-95d9-86ea52d556f1
Austin Reaves,https://www.nbatopshot.com/listings/p2p/e7b9646c-9997-46c8-909f-2a2b67389023+c7897eb6-c6a0-49a4-b79f-ddbe86db18b1
Avery Bradley,https://www.nbatopshot.com/listings/p2p/208ae30a-a4fe-42d4-9e51-e6fd1ad2a7a9+d7e50e02-88dd-474d-9512-d6586a0cdc46
Awak Kuier,https://www.nbatopshot.com/listings/p2p/391e23a0-f7b6-469e-b1d0-fc24caaebd4d+9ad6ff18-9eb1-4d9c-b0e9-5fddf84a813e
Becky Hammon,https://www.nbatopshot.com/listings/p2p/cbf23da5-c5ad-44bb-b307-9f1ea0163d32+e993465f-e0ad-441c-aa7c-59ad3e69ab06
Ben Gordon,https://www.nbatopshot.com/listings/p2p/9e89b552-0236-4ffc-ab6b-8cf7c27d46b4+b94fec3d-a27f-4519-b6b1-238dee424e9e
Bonzi Wells,https://www.nbatopshot.com/listings/p2p/9e89b552-0236-4ffc-ab6b-8cf7c27d46b4+22198c72-f6a9-4c4a-b1f5-46821efa0349
Boris Diaw,https://www.nbatopshot.com/listings/p2p/9e89b552-0236-4ffc-ab6b-8cf7c27d46b4+13f97de5-eda4-4128-9d83-944029b5cb87
Brad Wanamaker,https://www.nbatopshot.com/listings/p2p/208ae30a-a4fe-42d4-9e51-e6fd1ad2a7a9+b0b951e7-21cc-4f1a-ad87-628fe37c1363
Brandon Boston Jr.,https://www.nbatopshot.com/listings/p2p/e7b9646c-9997-46c8-909f-2a2b67389023+dcabb8a0-af34-42e9-955d-10f848249829
Brianna Turner,https://www.nbatopshot.com/listings/p2p/391e23a0-f7b6-469e-b1d0-fc24caaebd4d+5bcb8a30-8230-4807-9ba8-5c0d99717cea
Brionna Jones,https://www.nbatopshot.com/listings/p2p/391e23a0-f7b6-469e-b1d0-fc24caaebd4d+1d46a07f-9d7f-4c39-87b1-349bdb4d0bc2
Brittney Sykes,https://www.nbatopshot.com/listings/p2p/69ae4a5a-6ddf-4bcd-9f7f-0d53f604ecd3+12e8e70d-7b13-422d-85e4-49376b4c7043
Bruno Fernando,https://www.nbatopshot.com/listings/p2p/208ae30a-a4fe-42d4-9e51-e6fd1ad2a7a9+146acb17-a138-49fe-bf8a-c038482e9bcf
Cam Thomas,https://www.nbatopshot.com/listings/p2p/e7b9646c-9997-46c8-909f-2a2b67389023+8f10f517-7573-4615-b1fc-6669edeb87be
Cappie Pondexter,https://www.nbatopshot.com/listings/p2p/cbf23da5-c5ad-44bb-b307-9f1ea0163d32+f3e74dd2-6585-4f96-af6d-c1d001b59e1d
Caron Butler,https://www.nbatopshot.com/listings/p2p/7b74be80-e2c9-4044-91b5-bbfd74f1dc5e+9303ce38-c4f7-42e6-bd12-ab2c13895f59
Chamique Holdsclaw,https://www.nbatopshot.com/listings/p2p/9a009433-a0f7-4f02-80a1-59c2837b7384+ec3a0fff-642a-46b3-b421-30dc0cbf60f4
Chandler Hutchison,https://www.nbatopshot.com/listings/p2p/208ae30a-a4fe-42d4-9e51-e6fd1ad2a7a9+de5af95e-920e-4cfc-880e-89a19774f96f
Charli Collier,https://www.nbatopshot.com/listings/p2p/391e23a0-f7b6-469e-b1d0-fc24caaebd4d+5b668315-2d90-4b5d-be1b-e84a9838b9fa
CJ Elleby,https://www.nbatopshot.com/listings/p2p/e7b9646c-9997-46c8-909f-2a2b67389023+7729dcac-f224-462e-b794-eeddd7bf266b
Corey Kispert,https://www.nbatopshot.com/listings/p2p/e7b9646c-9997-46c8-909f-2a2b67389023+93764a84-659d-49c0-b7d6-bfa10241f3b8
Cory Joseph,https://www.nbatopshot.com/listings/p2p/e7b9646c-9997-46c8-909f-2a2b67389023+7b37d950-eaf9-4e6f-977d-517f12713828
Courtney Williams,https://www.nbatopshot.com/listings/p2p/391e23a0-f7b6-469e-b1d0-fc24caaebd4d+663ca024-6112-40e2-b8d5-ab8eb4e81f46
Crystal Bradford,https://www.nbatopshot.com/listings/p2p/69ae4a5a-6ddf-4bcd-9f7f-0d53f604ecd3+cb416d8e-c8c6-48cf-87bd-4771a27b0b23
Crystal Dangerfield,https://www.nbatopshot.com/listings/p2p/391e23a0-f7b6-469e-b1d0-fc24caaebd4d+2b2cf73f-ed5b-4fb2-9a76-b3a7b9e97bc9
Cynthia Cooper,https://www.nbatopshot.com/listings/p2p/cbf23da5-c5ad-44bb-b307-9f1ea0163d32+0a572b66-eb8f-4729-90a2-3adb463b1987
D.J. Augustin,https://www.nbatopshot.com/listings/p2p/208ae30a-a4fe-42d4-9e51-e6fd1ad2a7a9+bcf92dba-6f04-4d90-8251-de6d1124dc85
Dalano Banton,https://www.nbatopshot.com/listings/p2p/e7b9646c-9997-46c8-909f-2a2b67389023+301e2fbc-5bf7-48f3-8757-f367b56fc375
Damyean Dotson,https://www.nbatopshot.com/listings/p2p/208ae30a-a4fe-42d4-9e51-e6fd1ad2a7a9+2af1abc7-c73b-4b21-9518-f41760eb0ffe
Dana Evans,https://www.nbatopshot.com/listings/p2p/391e23a0-f7b6-469e-b1d0-fc24caaebd4d+fe562289-d12e-412b-b065-9f25daf3fecc
Danielle Robinson,https://www.nbatopshot.com/listings/p2p/391e23a0-f7b6-469e-b1d0-fc24caaebd4d+d791ed28-65d8-4431-9364-8e6f16ab15ae
Danilo Gallinari,https://www.nbatopshot.com/listings/p2p/7b797690-5b53-45a7-b972-bd2d5152654a+90125589-afe8-41d9-88d8-857d5898b2ae
DaQuan Jeffries,https://www.nbatopshot.com/listings/p2p/208ae30a-a4fe-42d4-9e51-e6fd1ad2a7a9+a3b4e4fd-131a-4fdb-b9a3-5e60b258b62b
Dario Šarić,https://www.nbatopshot.com/listings/p2p/208ae30a-a4fe-42d4-9e51-e6fd1ad2a7a9+af4d6dae-ebb1-4683-bcaf-b9cf105c47d8
Darius Miles,https://www.nbatopshot.com/listings/p2p/7b74be80-e2c9-4044-91b5-bbfd74f1dc5e+bb5cd182-1580-4d62-9805-6f0e80eed34d
Dean Wade,https://www.nbatopshot.com/listings/p2p/208ae30a-a4fe-42d4-9e51-e6fd1ad2a7a9+c8248c27-b231-4ad0-b431-9908f6268ffa
Dearica Hamby,https://www.nbatopshot.com/listings/p2p/391e23a0-f7b6-469e-b1d0-fc24caaebd4d+36016a33-f514-42b0-b05d-01426a748dbc
Denzel Valentine,https://www.nbatopshot.com/listings/p2p/208ae30a-a4fe-42d4-9e51-e6fd1ad2a7a9+6b86a1af-2d34-4d12-95cc-f703d36ce61b
Dewayne Dedmon,https://www.nbatopshot.com/listings/p2p/e7b9646c-9997-46c8-909f-2a2b67389023+cc617c04-0c80-433f-8b81-88712f7a70fd
Diamond DeShields,https://www.nbatopshot.com/listings/p2p/69ae4a5a-6ddf-4bcd-9f7f-0d53f604ecd3+42e195e4-15f3-41e3-84cb-1c94450191e7
DiDi Richards,https://www.nbatopshot.com/listings/p2p/391e23a0-f7b6-469e-b1d0-fc24caaebd4d+655359b4-c405-4972-a8d3-504c310a51e8
DiJonai Carrington,https://www.nbatopshot.com/listings/p2p/391e23a0-f7b6-469e-b1d0-fc24caaebd4d+febe621b-40a0-4fcf-974a-08c0a4d1bead
Donte DiVincenzo,https://www.nbatopshot.com/listings/p2p/33a4a3a3-a32c-4925-a4e8-7d24e56b105e+5d2bd103-f920-4f5e-a53b-cff969005384
Duane Washington Jr.,https://www.nbatopshot.com/listings/p2p/e7b9646c-9997-46c8-909f-2a2b67389023+0dd81fc0-f156-4cae-9478-db398f8db328
Dwayne Bacon,https://www.nbatopshot.com/listings/p2p/208ae30a-a4fe-42d4-9e51-e6fd1ad2a7a9+73a9def7-2c9d-457f-8ce4-215b0dba6cd6
Dylan Windler,https://www.nbatopshot.com/listings/p2p/208ae30a-a4fe-42d4-9e51-e6fd1ad2a7a9+ec488c41-8f47-41b3-976e-211080277c8d
E'Twaun Moore,https://www.nbatopshot.com/listings/p2p/208ae30a-a4fe-42d4-9e51-e6fd1ad2a7a9+d26004d9-8c58-4daa-87c8-2a0c7d795340
Elfrid Payton,https://www.nbatopshot.com/listings/p2p/208ae30a-a4fe-42d4-9e51-e6fd1ad2a7a9+211c8cbe-9268-4338-8098-20c1b1d8e2fa
Erica Wheeler,https://www.nbatopshot.com/listings/p2p/391e23a0-f7b6-469e-b1d0-fc24caaebd4d+d8ea6439-d1f2-47f6-82e5-8fa64f177fc6
Ezi Magbegor,https://www.nbatopshot.com/listings/p2p/391e23a0-f7b6-469e-b1d0-fc24caaebd4d+4d01daa5-4a49-4960-9d23-23c9c75daf6e
Frank Kaminsky,https://www.nbatopshot.com/listings/p2p/e7b9646c-9997-46c8-909f-2a2b67389023+e5cb7182-e2b7-4ab3-8fc2-0738b79f30c1
Frank Ntilikina,https://www.nbatopshot.com/listings/p2p/e7b9646c-9997-46c8-909f-2a2b67389023+1014fc9f-8849-4242-a2f2-df43234b6cac
Furkan Korkmaz,https://www.nbatopshot.com/listings/p2p/208ae30a-a4fe-42d4-9e51-e6fd1ad2a7a9+49778ceb-6c0e-4e2b-9ce0-fef4c6c8d612
Gabe Vincent,https://www.nbatopshot.com/listings/p2p/e7b9646c-9997-46c8-909f-2a2b67389023+1e69a79a-bc45-4648-8ff0-b54092e784aa
Garrett Temple,https://www.nbatopshot.com/listings/p2p/208ae30a-a4fe-42d4-9e51-e6fd1ad2a7a9+3895fb8a-5441-4c22-8479-4ec80fa80d98
Glenn Robinson III,https://www.nbatopshot.com/listings/p2p/208ae30a-a4fe-42d4-9e51-e6fd1ad2a7a9+9c93665e-b213-4131-9cde-b19442a39fcb
Goga Bitadze,https://www.nbatopshot.com/listings/p2p/208ae30a-a4fe-42d4-9e51-e6fd1ad2a7a9+2e6fd9a1-0db7-4eb5-bedd-43c781735d3a
Hakim Warrick,https://www.nbatopshot.com/listings/p2p/9e89b552-0236-4ffc-ab6b-8cf7c27d46b4+cfa27967-128e-42bd-a30e-f6abd3abc9de
Isaac Bonga,https://www.nbatopshot.com/listings/p2p/208ae30a-a4fe-42d4-9e51-e6fd1ad2a7a9+5949f646-d0ce-4eda-bd74-7f786793013f
Isabelle Harrison,https://www.nbatopshot.com/listings/p2p/391e23a0-f7b6-469e-b1d0-fc24caaebd4d+2eed4e7c-706b-4d1c-a2c5-38f298bf13d0
Isaiah Jackson,https://www.nbatopshot.com/listings/p2p/e7b9646c-9997-46c8-909f-2a2b67389023+b25ba0fd-efc7-4703-b02f-4d87876048a7
Isaiah Joe,https://www.nbatopshot.com/listings/p2p/208ae30a-a4fe-42d4-9e51-e6fd1ad2a7a9+872c5466-c213-4ee3-8a56-9952cc41205f
Jackie Young,https://www.nbatopshot.com/listings/p2p/391e23a0-f7b6-469e-b1d0-fc24caaebd4d+231e7646-0246-4594-b6d2-c3be765d7be6
JaKarr Sampson,https://www.nbatopshot.com/listings/p2p/208ae30a-a4fe-42d4-9e51-e6fd1ad2a7a9+9fe3fb82-a812-4cb6-8924-ec078c6401e9
Jake Layman,https://www.nbatopshot.com/listings/p2p/208ae30a-a4fe-42d4-9e51-e6fd1ad2a7a9+3ed31b5b-eeb5-4c6c-bb77-3c722d5bd813
Jalen Johnson,https://www.nbatopshot.com/listings/p2p/e7b9646c-9997-46c8-909f-2a2b67389023+cb7ec843-97a8-4937-bccc-d15e8ce940ff
Jalen McDaniels,https://www.nbatopshot.com/listings/p2p/e7b9646c-9997-46c8-909f-2a2b67389023+2970e096-736f-4264-9123-7c32b474ff55
Jalen Smith,https://www.nbatopshot.com/listings/p2p/208ae30a-a4fe-42d4-9e51-e6fd1ad2a7a9+ca0de16f-1e25-401b-8410-bad1e4f5907f
Jameer Nelson,https://www.nbatopshot.com/listings/p2p/827f9328-03aa-4cb5-97cd-7b5f2c2386fd+e61602c7-de7a-40d0-9df5-66ac31dfdfce
James Bouknight,https://www.nbatopshot.com/listings/p2p/e7b9646c-9997-46c8-909f-2a2b67389023+f0e6f2a7-8929-4d61-92ff-bcad40f6ffb3
James Ennis III,https://www.nbatopshot.com/listings/p2p/208ae30a-a4fe-42d4-9e51-e6fd1ad2a7a9+37fba682-33f9-4a38-8a42-5c99a88a822f
Jared Jeffries,https://www.nbatopshot.com/listings/p2p/9e89b552-0236-4ffc-ab6b-8cf7c27d46b4+29f8b1e5-bde9-462b-9630-a1343d984bbb
Jaren Jackson Jr.,https://www.nbatopshot.com/listings/p2p/208ae30a-a4fe-42d4-9e51-e6fd1ad2a7a9+11fbd1b2-9a0c-4cda-a417-393c63eb74dc
Jarrett Jack,https://www.nbatopshot.com/listings/p2p/9e89b552-0236-4ffc-ab6b-8cf7c27d46b4+8a6212c9-6fe4-426e-80f0-771134d7cfce
Jasmine Thomas,https://www.nbatopshot.com/listings/p2p/391e23a0-f7b6-469e-b1d0-fc24caaebd4d+414b3a04-c712-4d8e-92fd-7d2b5bf6d058
Jason Williams,https://www.nbatopshot.com/listings/p2p/3806ab9e-bd18-4e8e-8534-1d0b05492b2d+15fc725e-83bc-42d3-8581-ea684ccb0586
Jaylen Nowell,https://www.nbatopshot.com/listings/p2p/e7b9646c-9997-46c8-909f-2a2b67389023+64d91ee1-bbcc-4b5a-a56c-968b803a7492
Jeff Hornacek,https://www.nbatopshot.com/listings/p2p/3806ab9e-bd18-4e8e-8534-1d0b05492b2d+1f66624c-6781-47e2-98d9-4734fa3bb58d
Jeremiah Robinson-Earl,https://www.nbatopshot.com/listings/p2p/e7b9646c-9997-46c8-909f-2a2b67389023+dd8b9a5c-d4f5-47eb-a82c-758637d61078
Jeremy Lamb,https://www.nbatopshot.com/listings/p2p/208ae30a-a4fe-42d4-9e51-e6fd1ad2a7a9+c831e133-5238-4747-a7de-f238ae02267a
Jevon Carter,https://www.nbatopshot.com/listings/p2p/208ae30a-a4fe-42d4-9e51-e6fd1ad2a7a9+5e23e667-5a3d-4902-9e4f-b0466bfbe0ea
Jewell Loyd,https://www.nbatopshot.com/listings/p2p/69ae4a5a-6ddf-4bcd-9f7f-0d53f604ecd3+907586f7-0b3a-4a03-946c-2f7ec960401e
Jock Landale,https://www.nbatopshot.com/listings/p2p/e7b9646c-9997-46c8-909f-2a2b67389023+a5b43647-93ea-4023-aae7-d22be919253d
John Konchar,https://www.nbatopshot.com/listings/p2p/e7b9646c-9997-46c8-909f-2a2b67389023+c3ad25db-4d0f-4b62-9c7d-a1e990a380a9
Jordin Canada,https://www.nbatopshot.com/listings/p2p/391e23a0-f7b6-469e-b1d0-fc24caaebd4d+9f81a7c2-d429-4da1-99f4-7561b29d5c21
Jose Alvarado,https://www.nbatopshot.com/listings/p2p/e7b9646c-9997-46c8-909f-2a2b67389023+448ca3f3-cbdd-470c-8087-45b4276f24da
Josh Christopher,https://www.nbatopshot.com/listings/p2p/e7b9646c-9997-46c8-909f-2a2b67389023+d3eed578-1a87-48c4-b44f-5e8fb49a58b6
Joshua Primo,https://www.nbatopshot.com/listings/p2p/e7b9646c-9997-46c8-909f-2a2b67389023+4676381d-e097-41e1-a00b-3f70f2490bc1
JT Thor,https://www.nbatopshot.com/listings/p2p/e7b9646c-9997-46c8-909f-2a2b67389023+5b450bf0-a788-45c7-beef-a131ca77563f
Juancho Hernangómez,https://www.nbatopshot.com/listings/p2p/208ae30a-a4fe-42d4-9e51-e6fd1ad2a7a9+9aa07a11-ab53-48e3-8b59-0520cb32a624
Katie Lou Samuelson,https://www.nbatopshot.com/listings/p2p/391e23a0-f7b6-469e-b1d0-fc24caaebd4d+bb832b65-73e2-4c1c-ae0d-66df94458128
Katie Smith,https://www.nbatopshot.com/listings/p2p/cbf23da5-c5ad-44bb-b307-9f1ea0163d32+11e739cd-a8a4-49cf-8569-bc5f4221c4c2
Kayla McBride,https://www.nbatopshot.com/listings/p2p/391e23a0-f7b6-469e-b1d0-fc24caaebd4d+33f2309d-955e-4ce6-9cac-6df9cb64a78a
Keita Bates-Diop,https://www.nbatopshot.com/listings/p2p/e7b9646c-9997-46c8-909f-2a2b67389023+e4ecf3b8-8990-4e58-966a-5e92617a6767
Kelan Martin,https://www.nbatopshot.com/listings/p2p/e7b9646c-9997-46c8-909f-2a2b67389023+19d764e7-d54f-469b-b490-60c0d86601c3
Kelsey Mitchell,https://www.nbatopshot.com/listings/p2p/391e23a0-f7b6-469e-b1d0-fc24caaebd4d+3458227b-7abd-429a-b75d-7572ef5f0269
Kelsey Plum,https://www.nbatopshot.com/listings/p2p/391e23a0-f7b6-469e-b1d0-fc24caaebd4d+3e8961ec-a99b-4d86-b652-7f27ffb178d9
Kenrich Williams,https://www.nbatopshot.com/listings/p2p/208ae30a-a4fe-42d4-9e51-e6fd1ad2a7a9+10341a0e-af57-4a52-87a9-6bfef2add1b3
Kenyon Martin,https://www.nbatopshot.com/listings/p2p/9e89b552-0236-4ffc-ab6b-8cf7c27d46b4+595e3ecd-8951-44d7-bf89-14dbb11953ed
Kessler Edwards,https://www.nbatopshot.com/listings/p2p/e7b9646c-9997-46c8-909f-2a2b67389023+b679ac62-05bf-4362-851b-21193e8fb294
Kevin Knox,https://www.nbatopshot.com/listings/p2p/208ae30a-a4fe-42d4-9e51-e6fd1ad2a7a9+14c9f689-0d6d-4d7b-b77c-bc716f3d7474
Kevin Martin,https://www.nbatopshot.com/listings/p2p/7b74be80-e2c9-4044-91b5-bbfd74f1dc5e+6c5d814d-64a5-47c5-8067-db93dd606209
Kia Nurse,https://www.nbatopshot.com/listings/p2p/69ae4a5a-6ddf-4bcd-9f7f-0d53f604ecd3+700b5465-d769-4213-9af2-0551e092b346
Killian Tillie,https://www.nbatopshot.com/listings/p2p/e7b9646c-9997-46c8-909f-2a2b67389023+6ddaa358-aed6-48fd-bc85-236499539249
Kira Lewis Jr.,https://www.nbatopshot.com/listings/p2p/208ae30a-a4fe-42d4-9e51-e6fd1ad2a7a9+4f458aad-8364-42a7-a27f-1b72190407b0
Kristi Toliver,https://www.nbatopshot.com/listings/p2p/391e23a0-f7b6-469e-b1d0-fc24caaebd4d+89332bb9-fdf3-42b2-8162-5fdf37bb5e4f
Kyle Korver,https://www.nbatopshot.com/listings/p2p/9e89b552-0236-4ffc-ab6b-8cf7c27d46b4+d3a7c570-963b-47c6-8760-5b01da13d2fb
Kysre Gondrezick,https://www.nbatopshot.com/listings/p2p/391e23a0-f7b6-469e-b1d0-fc24caaebd4d+e87a0863-8c16-45d9-8057-c68af2583078
KZ Okpala,https://www.nbatopshot.com/listings/p2p/208ae30a-a4fe-42d4-9e51-e6fd1ad2a7a9+781c4a81-1193-4c28-95aa-f55b39d9b80e
Lauren Jackson,https://www.nbatopshot.com/listings/p2p/cbf23da5-c5ad-44bb-b307-9f1ea0163d32+d63dc541-c2d0-46ed-9cec-c6c7541488ce
Layshia Clarendon,https://www.nbatopshot.com/listings/p2p/391e23a0-f7b6-469e-b1d0-fc24caaebd4d+6fdbf464-9f28-45be-91aa-ac58648eba6e
Leandro Barbosa,https://www.nbatopshot.com/listings/p2p/827f9328-03aa-4cb5-97cd-7b5f2c2386fd+c42a9e19-8998-45a1-b300-15176c81b6ec
Lindsay Whalen,https://www.nbatopshot.com/listings/p2p/cbf23da5-c5ad-44bb-b307-9f1ea0163d32+0c6a1ea2-edd0-4959-83e3-16de8d0e5ba1
Lisa Leslie,https://www.nbatopshot.com/listings/p2p/cbf23da5-c5ad-44bb-b307-9f1ea0163d32+fccfbf6a-894c-4908-8396-5f73527024de
Liz Cambage,https://www.nbatopshot.com/listings/p2p/69ae4a5a-6ddf-4bcd-9f7f-0d53f604ecd3+6d7db738-afa4-41a5-b7d1-e5d3518eb736
Lou Williams,https://www.nbatopshot.com/listings/p2p/7b797690-5b53-45a7-b972-bd2d5152654a+e11073b8-60c0-45bc-9bbd-680842630ffa
Luke Ridnour,https://www.nbatopshot.com/listings/p2p/9e89b552-0236-4ffc-ab6b-8cf7c27d46b4+f6146cc5-40dc-4725-a6b6-01178b204c4b
Luke Walton,https://www.nbatopshot.com/listings/p2p/9e89b552-0236-4ffc-ab6b-8cf7c27d46b4+0a557bc0-7da6-48e8-985f-9e1dede3b9b6
Malachi Flynn,https://www.nbatopshot.com/listings/p2p/208ae30a-a4fe-42d4-9e51-e6fd1ad2a7a9+4ab6f9b3-0d7f-4990-8638-1230ee8bf8ae
Marcus Camby,https://www.nbatopshot.com/listings/p2p/9e89b552-0236-4ffc-ab6b-8cf7c27d46b4+48e35a01-b3f2-403d-8f0f-95fc0cac3eca
Marina Mabrey,https://www.nbatopshot.com/listings/p2p/69ae4a5a-6ddf-4bcd-9f7f-0d53f604ecd3+d61de9c6-926f-4c42-8f24-2b4076157651
Mario Chalmers,https://www.nbatopshot.com/listings/p2p/9e89b552-0236-4ffc-ab6b-8cf7c27d46b4+83bb6a96-deeb-47fb-8b87-e9da50f656bd
Mason Jones,https://www.nbatopshot.com/listings/p2p/208ae30a-a4fe-42d4-9e51-e6fd1ad2a7a9+e5d69ce5-e253-438d-8420-381ef275abc6
Maya Moore,https://www.nbatopshot.com/listings/p2p/cbf23da5-c5ad-44bb-b307-9f1ea0163d32+c5a66a02-0b8c-4f13-ac9a-da35ba44585e
Michael Finley,https://www.nbatopshot.com/listings/p2p/9e89b552-0236-4ffc-ab6b-8cf7c27d46b4+97b08a5c-c2ce-468d-b69a-6785ff4743a3
Michaela Onyenwere,https://www.nbatopshot.com/listings/p2p/391e23a0-f7b6-469e-b1d0-fc24caaebd4d+7a90c72f-201c-4b46-8d9c-edf9491abf65
Mike Bibby,https://www.nbatopshot.com/listings/p2p/7b74be80-e2c9-4044-91b5-bbfd74f1dc5e+3dd0b018-1d84-4b24-b740-2abf75fd5864
Mike James,https://www.nbatopshot.com/listings/p2p/208ae30a-a4fe-42d4-9e51-e6fd1ad2a7a9+8fea0407-0bd1-483d-a0dd-db67002254d2
Mo Williams,https://www.nbatopshot.com/listings/p2p/827f9328-03aa-4cb5-97cd-7b5f2c2386fd+1f76a9fc-9422-45bf-92fc-3d07dd0240fe
Monique Billings,https://www.nbatopshot.com/listings/p2p/391e23a0-f7b6-469e-b1d0-fc24caaebd4d+bf9b77f8-e35a-4dcc-b79b-45e8aea8f319
Moses Brown,https://www.nbatopshot.com/listings/p2p/208ae30a-a4fe-42d4-9e51-e6fd1ad2a7a9+026864c1-ea07-4c21-958c-794a5ee9a300
Moses Moody,https://www.nbatopshot.com/listings/p2p/e7b9646c-9997-46c8-909f-2a2b67389023+f21d35f1-942d-4569-bb4f-d82b13bd521c
Myisha Hines-Allen,https://www.nbatopshot.com/listings/p2p/391e23a0-f7b6-469e-b1d0-fc24caaebd4d+9f470eca-7f72-40b7-8d69-14da74db4611
Natasha Cloud,https://www.nbatopshot.com/listings/p2p/391e23a0-f7b6-469e-b1d0-fc24caaebd4d+a305f194-f964-444e-b0f9-2bb916b8adbf
Natasha Howard,https://www.nbatopshot.com/listings/p2p/391e23a0-f7b6-469e-b1d0-fc24caaebd4d+43dd70fb-c3ee-4c3e-a43d-bb7d1b4b89f9
Nathan Knight,https://www.nbatopshot.com/listings/p2p/208ae30a-a4fe-42d4-9e51-e6fd1ad2a7a9+6f07b8d6-74dd-4c9e-af2c-4bc65857bdeb
Nick Collison,https://www.nbatopshot.com/listings/p2p/827f9328-03aa-4cb5-97cd-7b5f2c2386fd+feb7eed2-4352-4d02-98c9-1f59f0a8229a
Nico Mannion,https://www.nbatopshot.com/listings/p2p/208ae30a-a4fe-42d4-9e51-e6fd1ad2a7a9+dee6b556-f45d-463c-a989-88edfaa60b85
Odyssey Sims,https://www.nbatopshot.com/listings/p2p/391e23a0-f7b6-469e-b1d0-fc24caaebd4d+af72b32c-2a7b-4842-be5d-0975945e0306
Omer Yurtseven,https://www.nbatopshot.com/listings/p2p/e7b9646c-9997-46c8-909f-2a2b67389023+e2dff26f-7b69-4f0e-9db3-04b44bf13886
Oshae Brissett,https://www.nbatopshot.com/listings/p2p/e7b9646c-9997-46c8-909f-2a2b67389023+8ab5268f-6a58-4ab5-8e8e-8be7601df2f8
Paul Reed,https://www.nbatopshot.com/listings/p2p/e7b9646c-9997-46c8-909f-2a2b67389023+2fe7ab09-9263-4460-90b1-6c61fc5083a8
PJ Dozier,https://www.nbatopshot.com/listings/p2p/208ae30a-a4fe-42d4-9e51-e6fd1ad2a7a9+2d09eee6-dcb8-4851-a272-c587cfc0745a
Quentin Grimes,https://www.nbatopshot.com/listings/p2p/e7b9646c-9997-46c8-909f-2a2b67389023+a1d09983-c3ae-4b4e-88a9-ad80d1320654
Quentin Richardson,https://www.nbatopshot.com/listings/p2p/7b74be80-e2c9-4044-91b5-bbfd74f1dc5e+0b430f61-3f6a-4138-b0f0-a9c41281a8d4
Rashard Lewis,https://www.nbatopshot.com/listings/p2p/7b74be80-e2c9-4044-91b5-bbfd74f1dc5e+cc8f6500-c8a1-4df6-a30a-a0395386899a
Reggie Perry,https://www.nbatopshot.com/listings/p2p/208ae30a-a4fe-42d4-9e51-e6fd1ad2a7a9+c6d49463-fb9f-4c19-be42-44df78173a52
Richard Jefferson,https://www.nbatopshot.com/listings/p2p/9e89b552-0236-4ffc-ab6b-8cf7c27d46b4+682565a3-9490-4b27-abee-638047b0534c
Robert Horry,https://www.nbatopshot.com/listings/p2p/9e89b552-0236-4ffc-ab6b-8cf7c27d46b4+b38848d0-da80-4381-be68-4bb638776ada
Roy Hibbert,https://www.nbatopshot.com/listings/p2p/827f9328-03aa-4cb5-97cd-7b5f2c2386fd+8286e3c3-3bdc-4d2c-b0b2-8caa5a6c178c
Saben Lee,https://www.nbatopshot.com/listings/p2p/208ae30a-a4fe-42d4-9e51-e6fd1ad2a7a9+174c7c5c-34f1-4617-91e3-fc8b9ea7df40
Sam Merrill,https://www.nbatopshot.com/listings/p2p/208ae30a-a4fe-42d4-9e51-e6fd1ad2a7a9+7c754c43-7982-4e0c-b105-6dbb358d0a2b
Sami Whitcomb,https://www.nbatopshot.com/listings/p2p/391e23a0-f7b6-469e-b1d0-fc24caaebd4d+2ae7af50-481f-4a88-a35e-177984b370aa
Santi Aldama,https://www.nbatopshot.com/listings/p2p/e7b9646c-9997-46c8-909f-2a2b67389023+4e561064-17ad-4364-b755-146a58a0f86b
Sean McDermott,https://www.nbatopshot.com/listings/p2p/208ae30a-a4fe-42d4-9e51-e6fd1ad2a7a9+6630310e-76d0-4b01-8184-c131e939c712
Seimone Augustus,https://www.nbatopshot.com/listings/p2p/cbf23da5-c5ad-44bb-b307-9f1ea0163d32+5f012df2-d37b-4150-a53b-4410ee5233c7
Sekou Doumbouya,https://www.nbatopshot.com/listings/p2p/208ae30a-a4fe-42d4-9e51-e6fd1ad2a7a9+733196bd-0c9b-4d9f-9b9d-547ae7a10b4a
Semi Ojeleye,https://www.nbatopshot.com/listings/p2p/208ae30a-a4fe-42d4-9e51-e6fd1ad2a7a9+1285e0ae-733d-428f-9dda-ffd35189e2c8
Shane Battier,https://www.nbatopshot.com/listings/p2p/7b74be80-e2c9-4044-91b5-bbfd74f1dc5e+9c5e3862-1469-4d7b-af37-ecf98ae16b3e
Sheryl Swoopes,https://www.nbatopshot.com/listings/p2p/cbf23da5-c5ad-44bb-b307-9f1ea0163d32+38477e4d-306f-4ee9-90e4-a1ab560e6f55
Skylar Mays,https://www.nbatopshot.com/listings/p2p/208ae30a-a4fe-42d4-9e51-e6fd1ad2a7a9+7be73d5f-c696-4b28-a94b-de9788e764f3
Smush Parker,https://www.nbatopshot.com/listings/p2p/9e89b552-0236-4ffc-ab6b-8cf7c27d46b4+647c8594-353e-45fa-9c9f-c6d0316e159b
Solomon Hill,https://www.nbatopshot.com/listings/p2p/208ae30a-a4fe-42d4-9e51-e6fd1ad2a7a9+852f1c1b-c82a-4f18-aeb2-817e83b0afcd
Sophie Cunningham,https://www.nbatopshot.com/listings/p2p/902b6c87-0e91-4768-a660-195fc0173f14+07f50bd4-3b38-4e0e-9a95-aafd1a1f57a8
Sterling Brown,https://www.nbatopshot.com/listings/p2p/208ae30a-a4fe-42d4-9e51-e6fd1ad2a7a9+6beb22f3-d8b4-4d05-b22d-0257be9b563b
Stromile Swift,https://www.nbatopshot.com/listings/p2p/9e89b552-0236-4ffc-ab6b-8cf7c27d46b4+d732aeb5-1afc-4a55-a425-29f2fe299620
Swin Cash,https://www.nbatopshot.com/listings/p2p/cbf23da5-c5ad-44bb-b307-9f1ea0163d32+62a0a0f6-b156-453e-a3c2-4d9e34d0bad9
Sydney Wiese,https://www.nbatopshot.com/listings/p2p/69ae4a5a-6ddf-4bcd-9f7f-0d53f604ecd3+67347f54-0664-4403-8373-a2f3b8d1919e
Taj Gibson,https://www.nbatopshot.com/listings/p2p/208ae30a-a4fe-42d4-9e51-e6fd1ad2a7a9+38d995f9-86a3-4eb0-a009-39cefee9ed4a
Tamika Catchings,https://www.nbatopshot.com/listings/p2p/cbf23da5-c5ad-44bb-b307-9f1ea0163d32+ebd891a9-c6a7-4c02-91fa-7afd986ffda6
Te'a Cooper,https://www.nbatopshot.com/listings/p2p/391e23a0-f7b6-469e-b1d0-fc24caaebd4d+e513d1ee-c637-4f3d-b51d-5b62ed013138
Teaira McCowan,https://www.nbatopshot.com/listings/p2p/69ae4a5a-6ddf-4bcd-9f7f-0d53f604ecd3+fe85935b-363b-411d-8b82-ec58e717d3d8
Teresa Weatherspoon,https://www.nbatopshot.com/listings/p2p/9a009433-a0f7-4f02-80a1-59c2837b7384+d92ec780-ec68-4bd7-a048-e13db16c70d6
Ticha Penicheiro,https://www.nbatopshot.com/listings/p2p/cbf23da5-c5ad-44bb-b307-9f1ea0163d32+afbd5429-6ab5-4d0b-bf73-654b9eead658
Tiffany Hayes,https://www.nbatopshot.com/listings/p2p/391e23a0-f7b6-469e-b1d0-fc24caaebd4d+f4af3b74-7ad3-4139-af15-7a27e2cf6ac6
Tiffany Mitchell,https://www.nbatopshot.com/listings/p2p/391e23a0-f7b6-469e-b1d0-fc24caaebd4d+63d7e85d-5dc8-4f89-b3f4-5fa888f416fd
Tina Thompson,https://www.nbatopshot.com/listings/p2p/cbf23da5-c5ad-44bb-b307-9f1ea0163d32+98853b79-0e62-4b4f-a99f-3dd739693a87
Tony Snell,https://www.nbatopshot.com/listings/p2p/208ae30a-a4fe-42d4-9e51-e6fd1ad2a7a9+04e68787-d54d-4fc7-bb24-742407f13a04
Tre Jones,https://www.nbatopshot.com/listings/p2p/208ae30a-a4fe-42d4-9e51-e6fd1ad2a7a9+e70d5fdd-e556-4bb5-9a9b-1a044a715779
Tremont Waters,https://www.nbatopshot.com/listings/p2p/208ae30a-a4fe-42d4-9e51-e6fd1ad2a7a9+de037459-fc93-41c7-b04a-a86a3963b418
Trey Murphy III,https://www.nbatopshot.com/listings/p2p/e7b9646c-9997-46c8-909f-2a2b67389023+23a0b351-ef3d-49d4-95a8-b7dc21d03189
Tyson Chandler,https://www.nbatopshot.com/listings/p2p/7b74be80-e2c9-4044-91b5-bbfd74f1dc5e+e9a6e8c3-0fa4-445e-8178-839ba71407a7
Udoka Azubuike,https://www.nbatopshot.com/listings/p2p/208ae30a-a4fe-42d4-9e51-e6fd1ad2a7a9+4ce32918-d9ad-44fc-8040-d127ac6386c4
Usman Garuba,https://www.nbatopshot.com/listings/p2p/e7b9646c-9997-46c8-909f-2a2b67389023+af23af7e-c409-4f6e-bca4-0c12d5fe5573
Wally Szczerbiak,https://www.nbatopshot.com/listings/p2p/9e89b552-0236-4ffc-ab6b-8cf7c27d46b4+ac813e97-c949-414d-8d78-2e9b448ff177
Wesley Matthews,https://www.nbatopshot.com/listings/p2p/e7b9646c-9997-46c8-909f-2a2b67389023+4da288f3-0b56-4041-961b-440ef078a39a
Willie Cauley-Stein,https://www.nbatopshot.com/listings/p2p/208ae30a-a4fe-42d4-9e51-e6fd1ad2a7a9+f5507996-6c2b-4630-b217-fcb79f54b302
Yolanda Griffith,https://www.nbatopshot.com/listings/p2p/cbf23da5-c5ad-44bb-b307-9f1ea0163d32+f46a110c-def1-4a37-91a2-d061faf3a0e9
Zach Randolph,https://www.nbatopshot.com/listings/p2p/9e89b552-0236-4ffc-ab6b-8cf7c27d46b4+e5ae87f0-f4f9-4dad-bad2-37cb0cb7aa64
Zeke Nnaji,https://www.nbatopshot.com/listings/p2p/208ae30a-a4fe-42d4-9e51-e6fd1ad2a7a9+99ed1382-c37c-4ee0-915f-139f6b58271a
Ziaire Williams,https://www.nbatopshot.com/listings/p2p/e7b9646c-9997-46c8-909f-2a2b67389023+bf0d1f57-613d-40f8-84c6-68f9fef4662b
